Reporting starts,Reporting ends,Day,Campaign name,Ad set name,Ad name,Amount spent (KRW),Impressions,Reach,Frequency,Link clicks,Landing page views,Adds to cart,Purchases,Purchase conversion value
2026-09-18,2026-10-01,2026-09-18,Conversion Campaign,리타겟팅_장바구니,몽프루이_리뷰형_영상,80758,8969,5007,1.79,135,105,18,6,321500
2026-09-18,2026-10-01,2026-09-18,Conversion Campaign,리타겟팅_장바구니,몽프루이_카탈로그,63743,6895,3144,2.19,100,73,15,4,220300
2026-09-18,2026-10-01,2026-09-18,Conversion Campaign,유사타겟_구매자1%,몽프루이_선물세트_이미지,101348,10836,4995,2.17,157,114,22,7,391500
2026-09-18,2026-10-01,2026-09-18,Conversion Campaign,유사타겟_구매자1%,몽프루이_산지직송_영상,83870,9154,4281,2.14,132,96,19,6,339400
2026-09-18,2026-10-01,2026-09-18,Traffic Campaign,관심사_과일·건강,몽프루이_혜택배너,35643,7055,4144,1.7,160,116,9,2,89700
2026-09-18,2026-10-01,2026-09-18,Traffic Campaign,관심사_과일·건강,몽프루이_후기캐러셀,29665,5949,3967,1.5,129,95,4,1,45500
2026-09-18,2026-10-01,2026-09-18,Traffic Campaign,광범위_2545여성,몽프루이_시즌한정,26103,5219,2696,1.94,123,91,8,2,94200
2026-09-18,2026-10-01,2026-09-18,Traffic Campaign,광범위_2545여성,몽프루이_가격강조,21351,4216,2954,1.43,99,74,4,1,46400
2026-09-18,2026-10-01,2026-09-18,Engagement Campaign,브랜드인지_전체,몽프루이_브랜드스토리,29921,8370,5404,1.55,76,52,4,1,42900
2026-09-18,2026-10-01,2026-09-18,Engagement Campaign,브랜드인지_전체,몽프루이_릴스_수확,24221,6920,3713,1.86,68,48,1,0,0
2026-09-18,2026-10-01,2026-09-19,Conversion Campaign,리타겟팅_장바구니,몽프루이_리뷰형_영상,82631,9425,5822,1.62,144,104,24,7,371300
2026-09-18,2026-10-01,2026-09-19,Conversion Campaign,리타겟팅_장바구니,몽프루이_카탈로그,69959,7679,3645,2.11,108,75,18,5,281400
2026-09-18,2026-10-01,2026-09-19,Conversion Campaign,유사타겟_구매자1%,몽프루이_선물세트_이미지,102279,11141,6550,1.7,169,116,28,8,437000
2026-09-18,2026-10-01,2026-09-19,Conversion Campaign,유사타겟_구매자1%,몽프루이_산지직송_영상,85049,8866,4489,1.98,128,99,20,6,323400
2026-09-18,2026-10-01,2026-09-19,Traffic Campaign,관심사_과일·건강,몽프루이_혜택배너,36543,7298,3539,2.06,162,125,7,2,92400
2026-09-18,2026-10-01,2026-09-19,Traffic Campaign,관심사_과일·건강,몽프루이_후기캐러셀,33460,6829,4095,1.67,157,113,9,2,95700
2026-09-18,2026-10-01,2026-09-19,Traffic Campaign,광범위_2545여성,몽프루이_시즌한정,24808,5120,3531,1.45,122,86,8,2,94700
2026-09-18,2026-10-01,2026-09-19,Traffic Campaign,광범위_2545여성,몽프루이_가격강조,22118,4362,2376,1.84,104,75,4,1,47400
2026-09-18,2026-10-01,2026-09-19,Engagement Campaign,브랜드인지_전체,몽프루이_브랜드스토리,30933,8602,4480,1.92,77,57,4,1,42000
2026-09-18,2026-10-01,2026-09-19,Engagement Campaign,브랜드인지_전체,몽프루이_릴스_수확,25377,7186,3332,2.16,66,45,1,0,0
2026-09-18,2026-10-01,2026-09-20,Conversion Campaign,리타겟팅_장바구니,몽프루이_리뷰형_영상,80661,8775,4522,1.94,121,89,19,6,336700
2026-09-18,2026-10-01,2026-09-20,Conversion Campaign,리타겟팅_장바구니,몽프루이_카탈로그,67409,7204,3488,2.07,110,80,18,5,264700
2026-09-18,2026-10-01,2026-09-20,Conversion Campaign,유사타겟_구매자1%,몽프루이_선물세트_이미지,97448,10151,5394,1.88,149,106,23,7,366500
2026-09-18,2026-10-01,2026-09-20,Conversion Campaign,유사타겟_구매자1%,몽프루이_산지직송_영상,83242,8813,5245,1.68,129,90,22,6,312000
2026-09-18,2026-10-01,2026-09-20,Traffic Campaign,관심사_과일·건강,몽프루이_혜택배너,36877,7619,5291,1.44,183,144,9,2,93800
2026-09-18,2026-10-01,2026-09-20,Traffic Campaign,관심사_과일·건강,몽프루이_후기캐러셀,29574,5615,3082,1.82,125,99,4,1,48300
2026-09-18,2026-10-01,2026-09-20,Traffic Campaign,광범위_2545여성,몽프루이_시즌한정,26473,5170,2725,1.9,120,90,5,1,44500
2026-09-18,2026-10-01,2026-09-20,Traffic Campaign,광범위_2545여성,몽프루이_가격강조,22068,4366,2387,1.83,104,76,4,1,44300
2026-09-18,2026-10-01,2026-09-20,Engagement Campaign,브랜드인지_전체,몽프루이_브랜드스토리,31666,8671,5494,1.58,86,66,4,1,39100
2026-09-18,2026-10-01,2026-09-20,Engagement Campaign,브랜드인지_전체,몽프루이_릴스_수확,24404,7210,3544,2.03,69,48,1,0,0
2026-09-18,2026-10-01,2026-09-21,Conversion Campaign,리타겟팅_장바구니,몽프루이_리뷰형_영상,75082,8338,4595,1.81,122,95,22,6,316100
2026-09-18,2026-10-01,2026-09-21,Conversion Campaign,리타겟팅_장바구니,몽프루이_카탈로그,56468,6228,2893,2.15,85,62,13,4,213500
2026-09-18,2026-10-01,2026-09-21,Conversion Campaign,유사타겟_구매자1%,몽프루이_선물세트_이미지,83934,9346,5353,1.75,136,107,22,6,322100
2026-09-18,2026-10-01,2026-09-21,Conversion Campaign,유사타겟_구매자1%,몽프루이_산지직송_영상,70404,7769,3906,1.99,113,77,18,5,265500
2026-09-18,2026-10-01,2026-09-21,Traffic Campaign,관심사_과일·건강,몽프루이_혜택배너,33805,7017,4628,1.52,161,123,8,2,94400
2026-09-18,2026-10-01,2026-09-21,Traffic Campaign,관심사_과일·건강,몽프루이_후기캐러셀,25763,5123,2737,1.87,123,92,8,2,87400
2026-09-18,2026-10-01,2026-09-21,Traffic Campaign,광범위_2545여성,몽프루이_시즌한정,23100,4490,2058,2.18,109,79,7,2,91000
2026-09-18,2026-10-01,2026-09-21,Traffic Campaign,광범위_2545여성,몽프루이_가격강조,18624,3749,2631,1.43,89,67,7,2,92700
2026-09-18,2026-10-01,2026-09-21,Engagement Campaign,브랜드인지_전체,몽프루이_브랜드스토리,26562,7646,3935,1.94,72,57,4,1,41200
2026-09-18,2026-10-01,2026-09-21,Engagement Campaign,브랜드인지_전체,몽프루이_릴스_수확,23657,6589,3095,2.13,65,46,1,0,0
2026-09-18,2026-10-01,2026-09-22,Conversion Campaign,리타겟팅_장바구니,몽프루이_리뷰형_영상,69832,7912,3674,2.15,111,80,19,5,283400
2026-09-18,2026-10-01,2026-09-22,Conversion Campaign,리타겟팅_장바구니,몽프루이_카탈로그,64775,7324,4090,1.79,112,83,15,5,279200
2026-09-18,2026-10-01,2026-09-22,Conversion Campaign,유사타겟_구매자1%,몽프루이_선물세트_이미지,93723,10126,7143,1.42,140,101,21,7,394200
2026-09-18,2026-10-01,2026-09-22,Conversion Campaign,유사타겟_구매자1%,몽프루이_산지직송_영상,78686,8177,3872,2.11,115,84,19,5,276800
2026-09-18,2026-10-01,2026-09-22,Traffic Campaign,관심사_과일·건강,몽프루이_혜택배너,33651,6665,4202,1.59,160,127,8,2,91500
2026-09-18,2026-10-01,2026-09-22,Traffic Campaign,관심사_과일·건강,몽프루이_후기캐러셀,27753,5717,2669,2.14,130,101,4,1,44200
2026-09-18,2026-10-01,2026-09-22,Traffic Campaign,광범위_2545여성,몽프루이_시즌한정,23082,4495,2146,2.09,105,75,4,1,47900
2026-09-18,2026-10-01,2026-09-22,Traffic Campaign,광범위_2545여성,몽프루이_가격강조,18259,3495,2393,1.46,78,56,4,1,47300
2026-09-18,2026-10-01,2026-09-22,Engagement Campaign,브랜드인지_전체,몽프루이_브랜드스토리,26864,7888,4031,1.96,72,49,4,1,42400
2026-09-18,2026-10-01,2026-09-22,Engagement Campaign,브랜드인지_전체,몽프루이_릴스_수확,24977,6836,3557,1.92,65,45,1,0,0
2026-09-18,2026-10-01,2026-09-23,Conversion Campaign,리타겟팅_장바구니,몽프루이_리뷰형_영상,75891,8458,4763,1.78,128,94,22,6,329900
2026-09-18,2026-10-01,2026-09-23,Conversion Campaign,리타겟팅_장바구니,몽프루이_카탈로그,66447,7252,4459,1.63,111,83,16,5,259900
2026-09-18,2026-10-01,2026-09-23,Conversion Campaign,유사타겟_구매자1%,몽프루이_선물세트_이미지,94915,10616,6551,1.62,148,118,19,6,313400
2026-09-18,2026-10-01,2026-09-23,Conversion Campaign,유사타겟_구매자1%,몽프루이_산지직송_영상,75517,7941,4066,1.95,113,81,18,5,268700
2026-09-18,2026-10-01,2026-09-23,Traffic Campaign,관심사_과일·건강,몽프루이_혜택배너,35226,6715,4720,1.42,154,110,8,2,92100
2026-09-18,2026-10-01,2026-09-23,Traffic Campaign,관심사_과일·건강,몽프루이_후기캐러셀,27384,5569,3869,1.44,126,96,4,1,47000
2026-09-18,2026-10-01,2026-09-23,Traffic Campaign,광범위_2545여성,몽프루이_시즌한정,24326,4624,2671,1.73,110,77,8,2,96300
2026-09-18,2026-10-01,2026-09-23,Traffic Campaign,광범위_2545여성,몽프루이_가격강조,19115,3862,2457,1.57,85,68,4,1,44300
2026-09-18,2026-10-01,2026-09-23,Engagement Campaign,브랜드인지_전체,몽프루이_브랜드스토리,30765,8449,4573,1.85,78,61,1,0,0
2026-09-18,2026-10-01,2026-09-23,Engagement Campaign,브랜드인지_전체,몽프루이_릴스_수확,24338,6779,3759,1.8,66,52,1,0,0
2026-09-18,2026-10-01,2026-09-24,Conversion Campaign,리타겟팅_장바구니,몽프루이_리뷰형_영상,80763,8770,4611,1.9,122,96,16,5,278400
2026-09-18,2026-10-01,2026-09-24,Conversion Campaign,리타겟팅_장바구니,몽프루이_카탈로그,65253,6753,4049,1.67,100,79,17,5,261800
2026-09-18,2026-10-01,2026-09-24,Conversion Campaign,유사타겟_구매자1%,몽프루이_선물세트_이미지,89523,9969,4945,2.02,139,103,21,6,338900
2026-09-18,2026-10-01,2026-09-24,Conversion Campaign,유사타겟_구매자1%,몽프루이_산지직송_영상,81341,9170,4386,2.09,135,102,22,7,363300
2026-09-18,2026-10-01,2026-09-24,Traffic Campaign,관심사_과일·건강,몽프루이_혜택배너,38261,7509,4868,1.54,166,113,8,2,88700
2026-09-18,2026-10-01,2026-09-24,Traffic Campaign,관심사_과일·건강,몽프루이_후기캐러셀,31303,5961,3973,1.5,141,99,9,2,92600
2026-09-18,2026-10-01,2026-09-24,Traffic Campaign,광범위_2545여성,몽프루이_시즌한정,24255,5048,2875,1.76,120,95,4,1,44700
2026-09-18,2026-10-01,2026-09-24,Traffic Campaign,광범위_2545여성,몽프루이_가격강조,18344,3652,1908,1.91,79,59,4,1,46300
2026-09-18,2026-10-01,2026-09-24,Engagement Campaign,브랜드인지_전체,몽프루이_브랜드스토리,31043,9334,4550,2.05,86,61,4,1,42600
2026-09-18,2026-10-01,2026-09-24,Engagement Campaign,브랜드인지_전체,몽프루이_릴스_수확,24460,7201,3633,1.98,67,48,4,1,41400
2026-09-18,2026-10-01,2026-09-25,Conversion Campaign,리타겟팅_장바구니,몽프루이_리뷰형_영상,82713,9405,5023,1.87,131,95,32,9,487600
2026-09-18,2026-10-01,2026-09-25,Conversion Campaign,리타겟팅_장바구니,몽프루이_카탈로그,63551,6994,3202,2.18,98,71,23,7,412200
2026-09-18,2026-10-01,2026-09-25,Conversion Campaign,유사타겟_구매자1%,몽프루이_선물세트_이미지,104350,11141,5403,2.06,157,125,34,10,580900
2026-09-18,2026-10-01,2026-09-25,Conversion Campaign,유사타겟_구매자1%,몽프루이_산지직송_영상,86371,9745,5319,1.83,144,105,29,9,490700
2026-09-18,2026-10-01,2026-09-25,Traffic Campaign,관심사_과일·건강,몽프루이_혜택배너,36648,7026,3952,1.78,166,116,8,2,94700
2026-09-18,2026-10-01,2026-09-25,Traffic Campaign,관심사_과일·건강,몽프루이_후기캐러셀,32737,6526,4098,1.59,148,114,8,2,87700
2026-09-18,2026-10-01,2026-09-25,Traffic Campaign,광범위_2545여성,몽프루이_시즌한정,24239,4961,2349,2.11,117,87,5,1,47400
2026-09-18,2026-10-01,2026-09-25,Traffic Campaign,광범위_2545여성,몽프루이_가격강조,21414,4150,1933,2.15,99,78,4,1,43900
2026-09-18,2026-10-01,2026-09-25,Engagement Campaign,브랜드인지_전체,몽프루이_브랜드스토리,31724,9426,4379,2.15,84,66,4,1,42400
2026-09-18,2026-10-01,2026-09-25,Engagement Campaign,브랜드인지_전체,몽프루이_릴스_수확,26421,7236,3582,2.02,70,49,4,1,40500
2026-09-18,2026-10-01,2026-09-26,Conversion Campaign,리타겟팅_장바구니,몽프루이_리뷰형_영상,93051,10262,5245,1.96,143,98,31,9,518100
2026-09-18,2026-10-01,2026-09-26,Conversion Campaign,리타겟팅_장바구니,몽프루이_카탈로그,73050,7967,5310,1.5,118,92,25,8,435400
2026-09-18,2026-10-01,2026-09-26,Conversion Campaign,유사타겟_구매자1%,몽프루이_선물세트_이미지,109758,12073,8575,1.41,182,137,36,12,693500
2026-09-18,2026-10-01,2026-09-26,Conversion Campaign,유사타겟_구매자1%,몽프루이_산지직송_영상,90710,9713,4948,1.96,138,107,28,8,475800
2026-09-18,2026-10-01,2026-09-26,Traffic Campaign,관심사_과일·건강,몽프루이_혜택배너,41143,8500,4637,1.83,186,139,11,3,144800
2026-09-18,2026-10-01,2026-09-26,Traffic Campaign,관심사_과일·건강,몽프루이_후기캐러셀,34734,6778,3165,2.14,149,112,8,2,91300
2026-09-18,2026-10-01,2026-09-26,Traffic Campaign,광범위_2545여성,몽프루이_시즌한정,25554,5302,2826,1.88,124,85,5,1,47100
2026-09-18,2026-10-01,2026-09-26,Traffic Campaign,광범위_2545여성,몽프루이_가격강조,22372,4574,2949,1.55,104,80,5,1,45700
2026-09-18,2026-10-01,2026-09-26,Engagement Campaign,브랜드인지_전체,몽프루이_브랜드스토리,31814,9051,5523,1.64,89,64,1,0,0
2026-09-18,2026-10-01,2026-09-26,Engagement Campaign,브랜드인지_전체,몽프루이_릴스_수확,26263,7224,3295,2.19,70,49,1,0,0
2026-09-18,2026-10-01,2026-09-27,Conversion Campaign,리타겟팅_장바구니,몽프루이_리뷰형_영상,89014,9283,4862,1.91,136,96,29,9,532100
2026-09-18,2026-10-01,2026-09-27,Conversion Campaign,리타겟팅_장바구니,몽프루이_카탈로그,68997,7266,3755,1.94,108,76,19,6,330700
2026-09-18,2026-10-01,2026-09-27,Conversion Campaign,유사타겟_구매자1%,몽프루이_선물세트_이미지,109919,12321,7661,1.61,183,130,44,12,702900
2026-09-18,2026-10-01,2026-09-27,Conversion Campaign,유사타겟_구매자1%,몽프루이_산지직송_영상,91555,9734,4562,2.13,135,93,24,8,458700
2026-09-18,2026-10-01,2026-09-27,Traffic Campaign,관심사_과일·건강,몽프루이_혜택배너,41512,8323,5060,1.65,197,145,9,2,89000
2026-09-18,2026-10-01,2026-09-27,Traffic Campaign,관심사_과일·건강,몽프루이_후기캐러셀,32981,6230,3996,1.56,149,106,9,2,88500
2026-09-18,2026-10-01,2026-09-27,Traffic Campaign,광범위_2545여성,몽프루이_시즌한정,26859,5279,3516,1.5,123,92,7,2,95300
2026-09-18,2026-10-01,2026-09-27,Traffic Campaign,광범위_2545여성,몽프루이_가격강조,22111,4535,2211,2.05,108,81,7,2,88300
2026-09-18,2026-10-01,2026-09-27,Engagement Campaign,브랜드인지_전체,몽프루이_브랜드스토리,30572,8845,4956,1.78,86,62,1,0,0
2026-09-18,2026-10-01,2026-09-27,Engagement Campaign,브랜드인지_전체,몽프루이_릴스_수확,28721,8029,5558,1.44,80,63,1,0,0
2026-09-18,2026-10-01,2026-09-28,Conversion Campaign,리타겟팅_장바구니,몽프루이_리뷰형_영상,74497,8421,4029,2.09,117,90,20,6,349900
2026-09-18,2026-10-01,2026-09-28,Conversion Campaign,리타겟팅_장바구니,몽프루이_카탈로그,58094,6545,4402,1.49,93,71,22,6,327300
2026-09-18,2026-10-01,2026-09-28,Conversion Campaign,유사타겟_구매자1%,몽프루이_선물세트_이미지,96722,10927,7354,1.49,156,123,32,10,546300
2026-09-18,2026-10-01,2026-09-28,Conversion Campaign,유사타겟_구매자1%,몽프루이_산지직송_영상,71342,7970,5206,1.53,119,93,28,8,440900
2026-09-18,2026-10-01,2026-09-28,Traffic Campaign,관심사_과일·건강,몽프루이_혜택배너,32187,6615,3081,2.15,146,109,9,2,93600
2026-09-18,2026-10-01,2026-09-28,Traffic Campaign,관심사_과일·건강,몽프루이_후기캐러셀,26734,5087,2495,2.04,114,82,7,2,92200
2026-09-18,2026-10-01,2026-09-28,Traffic Campaign,광범위_2545여성,몽프루이_시즌한정,24459,4629,2141,2.16,101,69,7,2,91800
2026-09-18,2026-10-01,2026-09-28,Traffic Campaign,광범위_2545여성,몽프루이_가격강조,17529,3658,1796,2.04,81,62,4,1,48100
2026-09-18,2026-10-01,2026-09-28,Engagement Campaign,브랜드인지_전체,몽프루이_브랜드스토리,28375,7876,4807,1.64,79,60,1,0,0
2026-09-18,2026-10-01,2026-09-28,Engagement Campaign,브랜드인지_전체,몽프루이_릴스_수확,22548,6241,3323,1.88,57,45,4,1,39200
2026-09-18,2026-10-01,2026-09-29,Conversion Campaign,리타겟팅_장바구니,몽프루이_리뷰형_영상,78896,8603,4907,1.75,118,82,24,7,397000
2026-09-18,2026-10-01,2026-09-29,Conversion Campaign,리타겟팅_장바구니,몽프루이_카탈로그,65094,6940,3542,1.96,97,73,19,6,344000
2026-09-18,2026-10-01,2026-09-29,Conversion Campaign,유사타겟_구매자1%,몽프루이_선물세트_이미지,96250,10311,4762,2.17,146,106,33,9,511600
2026-09-18,2026-10-01,2026-09-29,Conversion Campaign,유사타겟_구매자1%,몽프루이_산지직송_영상,77842,8440,5081,1.66,123,85,25,7,399800
2026-09-18,2026-10-01,2026-09-29,Traffic Campaign,관심사_과일·건강,몽프루이_혜택배너,37625,7738,5488,1.41,181,130,8,2,92800
2026-09-18,2026-10-01,2026-09-29,Traffic Campaign,관심사_과일·건강,몽프루이_후기캐러셀,29439,5621,3430,1.64,130,96,7,2,89700
2026-09-18,2026-10-01,2026-09-29,Traffic Campaign,광범위_2545여성,몽프루이_시즌한정,22278,4522,2330,1.94,99,79,7,2,96200
2026-09-18,2026-10-01,2026-09-29,Traffic Campaign,광범위_2545여성,몽프루이_가격강조,18836,3762,2003,1.88,85,62,4,1,45000
2026-09-18,2026-10-01,2026-09-29,Engagement Campaign,브랜드인지_전체,몽프루이_브랜드스토리,27555,8139,4456,1.83,77,53,1,0,0
2026-09-18,2026-10-01,2026-09-29,Engagement Campaign,브랜드인지_전체,몽프루이_릴스_수확,23413,6698,4774,1.4,67,52,4,1,40600
2026-09-18,2026-10-01,2026-09-30,Conversion Campaign,리타겟팅_장바구니,몽프루이_리뷰형_영상,84376,9564,6771,1.41,140,106,29,9,503000
2026-09-18,2026-10-01,2026-09-30,Conversion Campaign,리타겟팅_장바구니,몽프루이_카탈로그,67970,7176,3307,2.17,107,81,23,7,378800
2026-09-18,2026-10-01,2026-09-30,Conversion Campaign,유사타겟_구매자1%,몽프루이_선물세트_이미지,95371,10773,7297,1.48,158,120,35,10,575700
2026-09-18,2026-10-01,2026-09-30,Conversion Campaign,유사타겟_구매자1%,몽프루이_산지직송_영상,73859,7646,4127,1.85,111,88,26,7,398900
2026-09-18,2026-10-01,2026-09-30,Traffic Campaign,관심사_과일·건강,몽프루이_혜택배너,36495,7015,4759,1.47,160,125,8,2,89000
2026-09-18,2026-10-01,2026-09-30,Traffic Campaign,관심사_과일·건강,몽프루이_후기캐러셀,29493,5872,3299,1.78,136,107,4,1,44500
2026-09-18,2026-10-01,2026-09-30,Traffic Campaign,광범위_2545여성,몽프루이_시즌한정,23562,4551,2280,2,106,80,7,2,94900
2026-09-18,2026-10-01,2026-09-30,Traffic Campaign,광범위_2545여성,몽프루이_가격강조,21105,4239,2165,1.96,99,69,4,1,48100
2026-09-18,2026-10-01,2026-09-30,Engagement Campaign,브랜드인지_전체,몽프루이_브랜드스토리,30220,8774,4969,1.77,88,60,1,0,0
2026-09-18,2026-10-01,2026-09-30,Engagement Campaign,브랜드인지_전체,몽프루이_릴스_수확,23056,6653,3243,2.05,64,45,4,1,42100
2026-09-18,2026-10-01,2026-10-01,Conversion Campaign,리타겟팅_장바구니,몽프루이_리뷰형_영상,85277,8969,5152,1.74,126,86,25,7,382400
2026-09-18,2026-10-01,2026-10-01,Conversion Campaign,리타겟팅_장바구니,몽프루이_카탈로그,65953,7276,4501,1.62,102,74,22,7,387600
2026-09-18,2026-10-01,2026-10-01,Conversion Campaign,유사타겟_구매자1%,몽프루이_선물세트_이미지,101168,10658,6553,1.63,155,118,30,10,560400
2026-09-18,2026-10-01,2026-10-01,Conversion Campaign,유사타겟_구매자1%,몽프루이_산지직송_영상,79185,8339,4264,1.96,114,87,29,8,431700
2026-09-18,2026-10-01,2026-10-01,Traffic Campaign,관심사_과일·건강,몽프루이_혜택배너,59556,11964,7037,1.7,267,183,8,2,91900
2026-09-18,2026-10-01,2026-10-01,Traffic Campaign,관심사_과일·건강,몽프루이_후기캐러셀,51334,9738,5632,1.73,219,155,5,1,43900
2026-09-18,2026-10-01,2026-10-01,Traffic Campaign,광범위_2545여성,몽프루이_시즌한정,36754,7514,4776,1.57,183,144,9,2,95700
2026-09-18,2026-10-01,2026-10-01,Traffic Campaign,광범위_2545여성,몽프루이_가격강조,32350,6528,3763,1.73,157,109,4,1,46600
2026-09-18,2026-10-01,2026-10-01,Engagement Campaign,브랜드인지_전체,몽프루이_브랜드스토리,30024,8505,5071,1.68,84,61,4,1,40800
2026-09-18,2026-10-01,2026-10-01,Engagement Campaign,브랜드인지_전체,몽프루이_릴스_수확,24698,7244,3430,2.11,72,55,4,1,39200